<?xml version="1.0" encoding="utf-8" ?>
<helpItems xmlns="http://msh" schema="maml">
   <!--Edited with: SAPIEN PowerShell HelpWriter 2015 v1.0.16-->
   <!-- Generated by: SAPIEN PowerShell HelpWriter 2015 v1.0.15-->
   <!-- All Commands-->
   <command:command xmlns:maml="http://schemas.microsoft.com/maml/2004/10" xmlns:command="http://schemas.microsoft.com/maml/dev/command/2004/10" xmlns:dev="http://schemas.microsoft.com/maml/dev/2004/10">
      <!-- Command-->
      <command:details>
         <command:name>New-KeePassDB</command:name>
         <maml:description>
            <maml:para>PSKeePass Cmdlet: Creates a new KeePass v2.x database file (.kdbx).</maml:para>
         </maml:description>
         <maml:copyright>
            <maml:para/>
         </maml:copyright>
         <command:verb>New</command:verb>
         <command:noun>KeePassDB</command:noun>
         <dev:version/>
      </command:details>
      <maml:description>
         <maml:para>Creates a new KeePass v2.x database file (.kdbx). Per default it return a KeePass PwDatabase object, which can be used as input for the other PSKeePass cmdlets. Using -Close parameter the database can be closed right after creation, returning null instead. Optional using parameter -Description, a description can be added to the database. This cmdlet has the following dynamic parameters that are available after using the parameter -LiteralPath: -UserKey, -KeyFile, -PasswordKey. These parameters only support TAB completion in PowerShell 3.0 and higher.</maml:para>
      </maml:description>
      <command:syntax>
         <!-- Parameter Sets-->
         <command:syntaxItem>
            <maml:name>New-KeePassDB</maml:name>
            <command:parameter required="false" variableLength="false" globbing="false" pipelineInput="false" position="named" aliases="">
               <maml:name>Description</maml:name>
               <maml:description>
                  <maml:para>Accepts a string as input to the cmdlet. Enter a string that represents the description of the database to create. When spaces are required, enclose the string by single quotes. </maml:para>
               </maml:description>
               <command:parameterValue required="false" variableLength="false">String</command:parameterValue>
               <dev:defaultValue>
               </dev:defaultValue>
            </command:parameter>
            <command:parameter required="false" variableLength="false" globbing="false" pipelineInput="false" position="named" aliases="">
               <maml:name>Overwrite</maml:name>
               <maml:description>
                  <maml:para>Specifies if an existing database should be overwritten.</maml:para>
               </maml:description>
               <command:parameterValue required="false" variableLength="false">SwitchParameter</command:parameterValue>
               <dev:defaultValue>false</dev:defaultValue>
            </command:parameter>
            <command:parameter required="false" variableLength="false" globbing="false" pipelineInput="false" position="named" aliases="">
               <maml:name>Close</maml:name>
               <maml:description>
                  <maml:para>Specifies if the database should be closed after creation. If specified, cmdlet return null.</maml:para>
               </maml:description>
               <command:parameterValue required="false" variableLength="false">SwitchParameter</command:parameterValue>
               <dev:defaultValue>false</dev:defaultValue>
            </command:parameter>
            <command:parameter required="true" variableLength="false" globbing="false" pipelineInput="false" position="named" aliases="">
               <maml:name>LiteralPath</maml:name>
               <maml:description>
                  <maml:para>Specifies a path to the item. The value of -LiteralPath is used exactly as it is typed. No characters are interpreted as wildcards. If the path includes escape characters, enclose it in single quotation marks. Single quotation marks tell Windows PowerShell not to interpret any characters as escape sequences.</maml:para>
               </maml:description>
               <command:parameterValue required="true" variableLength="false">String</command:parameterValue>
               <dev:defaultValue/>
            </command:parameter>
            <command:parameter required="false" pipelineinput="false" globbing="false" position="named" aliases="">
               <!--Dynamic-->
               <maml:name>PasswordKey</maml:name>
               <maml:description>
                  <maml:para>Accepts a clear-text password string as input to the cmdlet. Adds a password master key to the database. </maml:para>
               </maml:description>
               <command:parameterValue required="false">string</command:parameterValue>
               <dev:defaultValue>
               </dev:defaultValue>
            </command:parameter>
            <command:parameter required="false" pipelineinput="false" globbing="false" position="named" aliases="">
               <!--Dynamic-->
               <maml:name>KeyFile</maml:name>
               <maml:description>
                  <maml:para>Specifies a path to the KeyFile. Adds a file key to the database. Custom key files are not supported by this cmdlet. This cmdlet doesn&apos;t support the creation of a key file; therefore, it must be pre-created using KeePass. The value of -KeyFile is used exactly as it is typed. No characters are interpreted as wildcards. If the path includes escape characters, enclose it in single quotation marks. Single quotation marks tell Windows PowerShell not to interpret any characters as escape sequences.</maml:para>
               </maml:description>
               <command:parameterValue required="false">string</command:parameterValue>
               <dev:defaultValue>
               </dev:defaultValue>
            </command:parameter>
            <command:parameter required="false" pipelineinput="false" globbing="false" position="named" aliases="">
               <!--Dynamic-->
               <maml:name>UserKey</maml:name>
               <maml:description>
                  <maml:para>Specifies if a key based on the current user account should be added to the database. </maml:para>
               </maml:description>
               <command:parameterValue required="false">SwitchParameter</command:parameterValue>
               <dev:defaultValue/>
            </command:parameter>
         </command:syntaxItem>
         <command:syntaxItem>
            <maml:name>New-KeePassDB</maml:name>
            <command:parameter required="false" pipelineinput="false" globbing="false" position="named" aliases="">
               <maml:name>PasswordKey</maml:name>
               <maml:description>
                  <maml:para>Accepts a clear-text password string as input to the cmdlet. Adds a password master key to the database. </maml:para>
               </maml:description>
               <command:parameterValue required="false">string</command:parameterValue>
               <dev:defaultValue>
               </dev:defaultValue>
            </command:parameter>
         </command:syntaxItem>
         <command:syntaxItem>
            <maml:name>New-KeePassDB</maml:name>
            <command:parameter required="false" pipelineinput="false" globbing="false" position="named" aliases="">
               <maml:name>KeyFile</maml:name>
               <maml:description>
                  <maml:para>Specifies a path to the KeyFile. Adds a file key to the database. Custom key files are not supported by this cmdlet. This cmdlet doesn&apos;t support the creation of a key file; therefore, it must be pre-created using KeePass. The value of -KeyFile is used exactly as it is typed. No characters are interpreted as wildcards. If the path includes escape characters, enclose it in single quotation marks. Single quotation marks tell Windows PowerShell not to interpret any characters as escape sequences.</maml:para>
               </maml:description>
               <command:parameterValue required="false">string</command:parameterValue>
               <dev:defaultValue>
               </dev:defaultValue>
            </command:parameter>
         </command:syntaxItem>
         <command:syntaxItem>
            <maml:name>New-KeePassDB</maml:name>
            <command:parameter required="false" pipelineinput="false" globbing="false" position="named" aliases="">
               <maml:name>UserKey</maml:name>
               <maml:description>
                  <maml:para>Specifies if a key based on the current user account should be added to the database. </maml:para>
               </maml:description>
               <command:parameterValue required="false">SwitchParameter</command:parameterValue>
               <dev:defaultValue/>
            </command:parameter>
         </command:syntaxItem>
      </command:syntax>
      <command:parameters>
         <!-- All Parameters-->
         <command:parameter required="false" variableLength="false" globbing="false" pipelineInput="false" position="named" aliases="">
            <maml:name>Description</maml:name>
            <maml:description>
               <maml:para>Accepts a string as input to the cmdlet. Enter a string that represents the description of the database to create. When spaces are required, enclose the string by single quotes. </maml:para>
            </maml:description>
            <command:parameterValue required="false" variableLength="false">String</command:parameterValue>
            <dev:type>
               <maml:name>String</maml:name>
               <maml:uri/>
            </dev:type>
            <dev:defaultValue>
            </dev:defaultValue>
         </command:parameter>
         <command:parameter required="false" variableLength="false" globbing="false" pipelineInput="false" position="named" aliases="">
            <maml:name>Overwrite</maml:name>
            <maml:description>
               <maml:para>Specifies if an existing database should be overwritten.</maml:para>
            </maml:description>
            <command:parameterValue required="false" variableLength="false">SwitchParameter</command:parameterValue>
            <dev:type>
               <maml:name>SwitchParameter</maml:name>
               <maml:uri/>
            </dev:type>
            <dev:defaultValue>false</dev:defaultValue>
         </command:parameter>
         <command:parameter required="false" variableLength="false" globbing="false" pipelineInput="false" position="named" aliases="">
            <maml:name>Close</maml:name>
            <maml:description>
               <maml:para>Specifies if the database should be closed after creation. If specified, cmdlet return null.</maml:para>
            </maml:description>
            <command:parameterValue required="false" variableLength="false">SwitchParameter</command:parameterValue>
            <dev:type>
               <maml:name>SwitchParameter</maml:name>
               <maml:uri/>
            </dev:type>
            <dev:defaultValue>false</dev:defaultValue>
         </command:parameter>
         <command:parameter required="true" variableLength="false" globbing="false" pipelineInput="false" position="named" aliases="">
            <maml:name>LiteralPath</maml:name>
            <maml:description>
               <maml:para>Specifies a path to the item. The value of -LiteralPath is used exactly as it is typed. No characters are interpreted as wildcards. If the path includes escape characters, enclose it in single quotation marks. Single quotation marks tell Windows PowerShell not to interpret any characters as escape sequences.</maml:para>
            </maml:description>
            <command:parameterValue required="true" variableLength="false">String</command:parameterValue>
            <dev:type>
               <maml:name>String</maml:name>
               <maml:uri/>
            </dev:type>
            <dev:defaultValue/>
         </command:parameter>
         <command:parameter required="false" globbing="false" pipelineInput="false" position="named" aliases="">
            <maml:name>PasswordKey</maml:name>
            <maml:description>
               <maml:para>Accepts a clear-text password string as input to the cmdlet. Adds a password master key to the database. </maml:para>
            </maml:description>
            <command:parameterValue required="false">string</command:parameterValue>
            <dev:defaultValue>
            </dev:defaultValue>
         </command:parameter>
         <command:parameter required="false" globbing="false" pipelineInput="false" position="named" aliases="">
            <maml:name>KeyFile</maml:name>
            <maml:description>
               <maml:para>Specifies a path to the KeyFile. Adds a file key to the database. Custom key files are not supported by this cmdlet. This cmdlet doesn&apos;t support the creation of a key file; therefore, it must be pre-created using KeePass. The value of -KeyFile is used exactly as it is typed. No characters are interpreted as wildcards. If the path includes escape characters, enclose it in single quotation marks. Single quotation marks tell Windows PowerShell not to interpret any characters as escape sequences.</maml:para>
            </maml:description>
            <command:parameterValue required="false">string</command:parameterValue>
            <dev:defaultValue>
            </dev:defaultValue>
         </command:parameter>
         <command:parameter required="false" globbing="false" pipelineInput="false" position="named" aliases="">
            <maml:name>UserKey</maml:name>
            <maml:description>
               <maml:para>Specifies if a key based on the current user account should be added to the database. </maml:para>
            </maml:description>
            <command:parameterValue required="false">SwitchParameter</command:parameterValue>
            <dev:defaultValue/>
         </command:parameter>
      </command:parameters>
      <command:inputTypes>
         <!-- Inputs-->
         <command:inputType>
            <dev:type>
               <maml:name>None
               </maml:name>
               <maml:uri/>
            </dev:type>
            <maml:description>
               <maml:para/>
            </maml:description>
         </command:inputType>
      </command:inputTypes>
      <command:returnValues>
         <!-- Outputs-->
         <command:returnValue>
            <dev:type>
               <maml:name>KeePassLib.PwDatabase
               </maml:name>
               <maml:uri/>
            </dev:type>
            <maml:description>
               <maml:para/>
            </maml:description>
         </command:returnValue>
         <command:returnValue>
            <maml:description>
               <maml:para/>
            </maml:description>
            <dev:type>
               <maml:name>Null</maml:name>
               <maml:uri/>
            </dev:type>
         </command:returnValue>
      </command:returnValues>
      <maml:alertSet>
         <maml:title>Limitations</maml:title>
         <!-- Notes-->
         <maml:alert>
            <maml:para>This cmdlet doesn&apos;t support the creation of key files. Use KeePass to create a key file. </maml:para>
         </maml:alert>
      </maml:alertSet>
      <command:examples>
         <!-- Examples-->
         <command:example>
            <maml:title>-------------------------- EXAMPLE 1 --------------------------</maml:title>
            <maml:introduction>
               <maml:para>PS C:\&gt; </maml:para>
            </maml:introduction>
            <dev:code>New-KeePassDB -LiteralPath c:\path\to\sample.kdbx -UserKey</dev:code>
            <dev:remarks>
               <maml:para>Creates a new database with an empty description bound to the users account.</maml:para>
            </dev:remarks>
         </command:example>
         <command:example>
            <maml:title>-------------------------- EXAMPLE 2 --------------------------</maml:title>
            <maml:introduction>
               <maml:para>PS C:\&gt; </maml:para>
            </maml:introduction>
            <dev:code>New-KeePassDB -LiteralPath C:\path\to\sample.kdbx -Description &apos;This is an sample database.&apos; -KeyFile c:\path\to\sample.key -Overwrite</dev:code>
            <dev:remarks>
               <maml:para>Creates a new database with the specified description and overwrites an existing database if found. Add a key based on an existing key file.</maml:para>
            </dev:remarks>
         </command:example>
         <command:example>
            <maml:title>-------------------------- EXAMPLE 3 --------------------------</maml:title>
            <maml:introduction>
               <maml:para>PS C:\&gt; </maml:para>
            </maml:introduction>
            <dev:code>New-KeePassDB -LiteralPath C:\path\to\sample.kdbx  -UserKey -PasswordKey &apos;secret&apos; -KeyFile C:\path\to\file.key -Close</dev:code>
            <dev:remarks>
               <maml:para>Creates a new database and closes the database after creation. Must be re-opened using the cmdlet Open-KeePassDB. Add the current users account, master password and key file as key.</maml:para>
            </dev:remarks>
         </command:example>
      </command:examples>
      <maml:relatedLinks>
         <maml:navigationLink>
            <maml:linkText>KeePass</maml:linkText>
            <maml:uri>http://keepass.info</maml:uri>
         </maml:navigationLink>
         <!-- Links-->
         <maml:navigationLink>
            <maml:linkText>Open-KeePassDB</maml:linkText>
         </maml:navigationLink>
         <maml:navigationLink>
            <maml:linkText>Close-KeePassDB</maml:linkText>
         </maml:navigationLink>
         <maml:navigationLink>
            <maml:linkText>Get-KeePassEntry</maml:linkText>
         </maml:navigationLink>
         <maml:navigationLink>
            <maml:linkText>Add-KeePassEntry</maml:linkText>
         </maml:navigationLink>
      </maml:relatedLinks>
   </command:command>
   <command:command xmlns:maml="http://schemas.microsoft.com/maml/2004/10" xmlns:command="http://schemas.microsoft.com/maml/dev/command/2004/10" xmlns:dev="http://schemas.microsoft.com/maml/dev/2004/10">
      <!-- Command-->
      <command:details>
         <command:name>Open-KeePassDB</command:name>
         <maml:description>
            <maml:para>PSKeePass Cmdlet: Open an existing KeePass v2.x database file (.kdbx).</maml:para>
         </maml:description>
         <maml:copyright>
            <maml:para/>
         </maml:copyright>
         <command:verb>Open</command:verb>
         <command:noun>KeePassDB</command:noun>
         <dev:version/>
      </command:details>
      <maml:description>
         <maml:para>Open an existing KeePass v2.x database file (.kdbx). Returns a KeePass PwDatabase object, which can be used as input for the other PSKeePass cmdlets. Using -Close parameter the database can be closed right after creation, returning null instead. Optional using parameter -Description, a description can be added to the database. This cmdlet has the following dynamic parameters that are available after using the parameters -UserKey, -KeyFile, -PasswordKey: -LiteralPath. This parameter only support TAB completion in PowerShell 3.0 and higher.</maml:para>
      </maml:description>
      <command:syntax>
         <!-- Parameter Sets-->
         <command:syntaxItem>
            <maml:name>Open-KeePassDB</maml:name>
            <command:parameter required="false" variableLength="false" globbing="false" pipelineInput="false" position="named" aliases="">
               <maml:name>UserKey</maml:name>
               <maml:description>
                  <maml:para>Specifies if a key based on the current user account should be used to open the database.</maml:para>
               </maml:description>
               <command:parameterValue required="false" variableLength="false">SwitchParameter</command:parameterValue>
               <dev:defaultValue/>
            </command:parameter>
            <command:parameter required="false" variableLength="false" globbing="false" pipelineInput="false" position="named" aliases="">
               <maml:name>keyFile</maml:name>
               <maml:description>
                  <maml:para>Specifies a path to an existing KeyFile. Uses a file key to open the database. Custom key files are not supported by this cmdlet. The value of -KeyFile is used exactly as it is typed. No characters are interpreted as wildcards. If the path includes escape characters, enclose it in single quotation marks. Single quotation marks tell Windows PowerShell not to interpret any characters as escape sequences.</maml:para>
               </maml:description>
               <command:parameterValue required="false" variableLength="false">String</command:parameterValue>
               <dev:defaultValue/>
            </command:parameter>
            <command:parameter required="false" variableLength="false" globbing="false" pipelineInput="false" position="named" aliases="">
               <maml:name>PasswordKey</maml:name>
               <maml:description>
                  <maml:para>Accepts an clear-text password string as input to the cmdlet. Uses this password master key to open the database. </maml:para>
               </maml:description>
               <command:parameterValue required="false" variableLength="false">String</command:parameterValue>
               <dev:defaultValue/>
            </command:parameter>
            <command:parameter required="true" pipelineinput="false" globbing="false" position="named" aliases="">
               <!--Dynamic-->
               <maml:name>LiteralPath</maml:name>
               <maml:description>
                  <maml:para>Specifies a path to a item. The value of -LiteralPath is used exactly as it is typed. No characters are interpreted as wildcards. If the path includes escape characters, enclose it in single quotation marks. Single quotation marks tell Windows PowerShell not to interpret any characters as escape sequences.</maml:para>
               </maml:description>
               <command:parameterValue required="true">string</command:parameterValue>
               <dev:defaultValue/>
            </command:parameter>
         </command:syntaxItem>
         <command:syntaxItem>
            <maml:name>Open-KeePassDB</maml:name>
            <command:parameter required="false" variableLength="false" globbing="false" pipelineInput="false" position="named" aliases="">
               <maml:name>UserKey</maml:name>
               <maml:description>
                  <maml:para>Specifies if a key based on the current user account should be used to open the database.</maml:para>
               </maml:description>
               <command:parameterValue required="false" variableLength="false">SwitchParameter</command:parameterValue>
               <dev:defaultValue/>
            </command:parameter>
         </command:syntaxItem>
         <command:syntaxItem>
            <maml:name>Open-KeePassDB</maml:name>
            <command:parameter required="false" variableLength="false" globbing="false" pipelineInput="false" position="named" aliases="">
               <maml:name>keyFile</maml:name>
               <maml:description>
                  <maml:para>Specifies a path to an existing KeyFile. Uses a file key to open the database. Custom key files are not supported by this cmdlet. The value of -KeyFile is used exactly as it is typed. No characters are interpreted as wildcards. If the path includes escape characters, enclose it in single quotation marks. Single quotation marks tell Windows PowerShell not to interpret any characters as escape sequences.</maml:para>
               </maml:description>
               <command:parameterValue required="false" variableLength="false">String</command:parameterValue>
               <dev:defaultValue/>
            </command:parameter>
         </command:syntaxItem>
         <command:syntaxItem>
            <maml:name>Open-KeePassDB</maml:name>
            <command:parameter required="false" variableLength="false" globbing="false" pipelineInput="false" position="named" aliases="">
               <maml:name>PasswordKey</maml:name>
               <maml:description>
                  <maml:para>Accepts an clear-text password string as input to the cmdlet. Uses this password master key to open the database. </maml:para>
               </maml:description>
               <command:parameterValue required="false" variableLength="false">String</command:parameterValue>
               <dev:defaultValue/>
            </command:parameter>
         </command:syntaxItem>
      </command:syntax>
      <command:parameters>
         <!-- All Parameters-->
         <command:parameter required="false" variableLength="false" globbing="false" pipelineInput="false" position="named" aliases="">
            <maml:name>UserKey</maml:name>
            <maml:description>
               <maml:para>Specifies if a key based on the current user account should be used to open the database.</maml:para>
            </maml:description>
            <command:parameterValue required="false" variableLength="false">SwitchParameter</command:parameterValue>
            <dev:type>
               <maml:name>SwitchParameter</maml:name>
               <maml:uri/>
            </dev:type>
            <dev:defaultValue/>
         </command:parameter>
         <command:parameter required="false" variableLength="false" globbing="false" pipelineInput="false" position="named" aliases="">
            <maml:name>keyFile</maml:name>
            <maml:description>
               <maml:para>Specifies a path to an existing KeyFile. Uses a file key to open the database. Custom key files are not supported by this cmdlet. The value of -KeyFile is used exactly as it is typed. No characters are interpreted as wildcards. If the path includes escape characters, enclose it in single quotation marks. Single quotation marks tell Windows PowerShell not to interpret any characters as escape sequences.</maml:para>
            </maml:description>
            <command:parameterValue required="false" variableLength="false">String</command:parameterValue>
            <dev:type>
               <maml:name>String</maml:name>
               <maml:uri/>
            </dev:type>
            <dev:defaultValue/>
         </command:parameter>
         <command:parameter required="false" variableLength="false" globbing="false" pipelineInput="false" position="named" aliases="">
            <maml:name>PasswordKey</maml:name>
            <maml:description>
               <maml:para>Accepts an clear-text password string as input to the cmdlet. Uses this password master key to open the database. </maml:para>
            </maml:description>
            <command:parameterValue required="false" variableLength="false">String</command:parameterValue>
            <dev:type>
               <maml:name>String</maml:name>
               <maml:uri/>
            </dev:type>
            <dev:defaultValue/>
         </command:parameter>
         <command:parameter required="false" globbing="false" pipelineInput="false" position="named" aliases="">
            <maml:name>LiteralPath</maml:name>
            <maml:description>
               <maml:para>Specifies a path to a item. The value of -LiteralPath is used exactly as it is typed. No characters are interpreted as wildcards. If the path includes escape characters, enclose it in single quotation marks. Single quotation marks tell Windows PowerShell not to interpret any characters as escape sequences.</maml:para>
            </maml:description>
            <command:parameterValue required="false">string</command:parameterValue>
            <dev:defaultValue/>
         </command:parameter>
      </command:parameters>
      <command:inputTypes>
         <!-- Inputs-->
         <command:inputType>
            <dev:type>
               <maml:name>None
               </maml:name>
               <maml:uri/>
            </dev:type>
            <maml:description>
               <maml:para/>
            </maml:description>
         </command:inputType>
      </command:inputTypes>
      <command:returnValues>
         <!-- Outputs-->
         <command:returnValue>
            <maml:description>
               <maml:para>KeePass database object.</maml:para>
            </maml:description>
            <dev:type>
               <maml:name>KeePassLib.PwDatabase
               </maml:name>
               <maml:uri/>
            </dev:type>
         </command:returnValue>
      </command:returnValues>
      <maml:alertSet>
         <maml:title>Post execution</maml:title>
         <!-- Notes-->
         <maml:alert>
            <maml:para>Database should always be closed using the Close-KeePassDB cmdlet.</maml:para>
         </maml:alert>
      </maml:alertSet>
      <command:examples>
         <!-- Examples-->
         <command:example>
            <maml:title>-------------------------- EXAMPLE 1 --------------------------</maml:title>
            <maml:introduction>
               <maml:para>PS C:\&gt; </maml:para>
            </maml:introduction>
            <dev:code>$db = Open-KeePassDB -UserKey -keyFile C:\path\to\file.key -PasswordKey &apos;secret&apos;  -LiteralPath C:\path\to\sample.kdbx
            </dev:code>
            <dev:remarks>
               <maml:para>Open KeePass database which has been created with a user account based key, key file and with a master password. Store the PwDatabase object in specified variable.</maml:para>
            </dev:remarks>
         </command:example>
      </command:examples>
      <maml:relatedLinks>
         <maml:navigationLink>
            <maml:linkText>KeePass</maml:linkText>
            <maml:uri>http://keepass.info</maml:uri>
         </maml:navigationLink>
         <!-- Links-->
         <maml:navigationLink>
            <maml:linkText>New-KeePassDB</maml:linkText>
         </maml:navigationLink>
         <maml:navigationLink>
            <maml:linkText>Close-KeePassDB</maml:linkText>
         </maml:navigationLink>
         <maml:navigationLink>
            <maml:linkText>Get-KeePassEntry</maml:linkText>
         </maml:navigationLink>
         <maml:navigationLink>
            <maml:linkText>Add-KeePassEntry</maml:linkText>
         </maml:navigationLink>
      </maml:relatedLinks>
   </command:command>
   <command:command xmlns:maml="http://schemas.microsoft.com/maml/2004/10" xmlns:command="http://schemas.microsoft.com/maml/dev/command/2004/10" xmlns:dev="http://schemas.microsoft.com/maml/dev/2004/10">
      <!-- Command-->
      <command:details>
         <command:name>Close-KeePassDB</command:name>
         <maml:description>
            <maml:para>PSKeePass Cmdlet: Close an existing session to a KeePass v2.x database file (.kdbx) created by e.g. Open-KeePassDB.</maml:para>
         </maml:description>
         <maml:copyright>
            <maml:para/>
         </maml:copyright>
         <command:verb>Close</command:verb>
         <command:noun>KeePassDB</command:noun>
         <dev:version/>
      </command:details>
      <maml:description>
         <maml:para>Close an existing session to a KeePass v2.x database file (.kdbx) created by e.g. Open-KeePassDB. Returns true when successfully closed and false when failed to close or is already closed.</maml:para>
      </maml:description>
      <command:syntax>
         <!-- Parameter Sets-->
         <command:syntaxItem>
            <maml:name>Close-KeePassDB</maml:name>
            <command:parameter required="true" variableLength="false" globbing="false" pipelineInput="false" position="0" aliases="">
               <maml:name>InputObject</maml:name>
               <maml:description>
                  <maml:para>Accepts an object as input to the cmdlet. Enter a variable that contains the PwDatabase object or type a command or expression that gets the object e.g. Open-KeePassDB.</maml:para>
               </maml:description>
               <command:parameterValue required="true" variableLength="false">PwDatabase</command:parameterValue>
               <dev:defaultValue/>
            </command:parameter>
         </command:syntaxItem>
      </command:syntax>
      <command:parameters>
         <!-- All Parameters-->
         <command:parameter required="true" variableLength="false" globbing="false" pipelineInput="false" position="0" aliases="">
            <maml:name>InputObject</maml:name>
            <maml:description>
               <maml:para>Accepts an object as input to the cmdlet. Enter a variable that contains the PwDatabase object or type a command or expression that gets the object e.g. Open-KeePassDB.</maml:para>
            </maml:description>
            <command:parameterValue required="true" variableLength="false">PwDatabase</command:parameterValue>
            <dev:type>
               <maml:name>PwDatabase</maml:name>
               <maml:uri/>
            </dev:type>
            <dev:defaultValue/>
         </command:parameter>
      </command:parameters>
      <command:inputTypes>
         <!-- Inputs-->
         <command:inputType>
            <dev:type>
               <maml:name>KeePassLib.PwDatabase</maml:name>
               <maml:uri/>
            </dev:type>
            <maml:description>
               <maml:para/>
            </maml:description>
         </command:inputType>
      </command:inputTypes>
      <command:returnValues>
         <!-- Outputs-->
         <command:returnValue>
            <dev:type>
               <maml:name>System.Boolean
               </maml:name>
               <maml:uri/>
            </dev:type>
            <maml:description>
               <maml:para/>
            </maml:description>
         </command:returnValue>
      </command:returnValues>
      <command:examples>
         <!-- Examples-->
         <command:example>
            <maml:title>-------------------------- EXAMPLE 1 --------------------------</maml:title>
            <maml:introduction>
               <maml:para>PS C:\&gt; </maml:para>
            </maml:introduction>
            <dev:code>Close-KeePassDB -InputObject $db
            </dev:code>
            <dev:remarks>
               <maml:para>Closes an existing session to a KeePass datase stored in variable $db (e.g. created by Open-KeePassDB).</maml:para>
            </dev:remarks>
         </command:example>
      </command:examples>
      <maml:relatedLinks>
         <maml:navigationLink>
            <maml:linkText>KeePass</maml:linkText>
            <maml:uri>http://keepass.info</maml:uri>
         </maml:navigationLink>
         <!-- Links-->
         <maml:navigationLink>
            <maml:linkText>New-KeePassDB</maml:linkText>
         </maml:navigationLink>
         <maml:navigationLink>
            <maml:linkText>Open-KeePassDB</maml:linkText>
         </maml:navigationLink>
         <maml:navigationLink>
            <maml:linkText>Get-KeePassEntry</maml:linkText>
         </maml:navigationLink>
         <maml:navigationLink>
            <maml:linkText>Add-KeePassEntry</maml:linkText>
         </maml:navigationLink>
      </maml:relatedLinks>
   </command:command>
   <command:command xmlns:maml="http://schemas.microsoft.com/maml/2004/10" xmlns:command="http://schemas.microsoft.com/maml/dev/command/2004/10" xmlns:dev="http://schemas.microsoft.com/maml/dev/2004/10">
      <!-- Command-->
      <command:details>
         <command:name>Get-KeePassEntry</command:name>
         <maml:description>
            <maml:para>PSKeePass Cmdlet: Get database entry and return it as a PSCredential object.</maml:para>
         </maml:description>
         <maml:copyright>
            <maml:para/>
         </maml:copyright>
         <command:verb>Get</command:verb>
         <command:noun>KeePassEntry</command:noun>
         <dev:version/>
      </command:details>
      <maml:description>
         <maml:para>Get entry and return it as a PSCredential object from an opened database. Default whole database is searched, in case multiple entries are found with the same Username or Title, the first found is return as a PSCredential object. A warning is shown including a count of identical entries. In this case it is recommend to either search based on Title (-Attribute Title) and/or restrict the search to a certain group (-Group). Alternatively search for the entry by specifying its unique UUID (-Id). The UUID can be found in the properties tab when opening an entry in KeePass.</maml:para>
      </maml:description>
      <command:syntax>
         <!-- Parameter Sets-->
         <command:syntaxItem>
            <maml:name>Get-KeePassEntry</maml:name>
            <command:parameter required="true" variableLength="false" globbing="false" pipelineInput="false" position="0" aliases="">
               <maml:name>InputObject</maml:name>
               <maml:description>
                  <maml:para>Accepts an object as input to the cmdlet. Enter a variable that contains the PwDatabase object or type a command or expression that gets the object e.g. Open-KeePassDB.</maml:para>
               </maml:description>
               <command:parameterValue required="true" variableLength="false">PwDatabase</command:parameterValue>
               <dev:defaultValue/>
            </command:parameter>
            <command:parameter required="true" variableLength="false" globbing="false" pipelineInput="false" position="1">
               <maml:name>Entry</maml:name>
               <maml:description>
                  <maml:para/>
               </maml:description>
               <command:parameterValue required="true" variableLength="false">String</command:parameterValue>
            </command:parameter>
            <command:parameter required="false" pipelineinput="false" globbing="false" position="named">
               <!--Dynamic-->
               <maml:name>Attribute</maml:name>
               <maml:description>
                  <maml:para/>
               </maml:description>
               <command:parameterValue required="false">string</command:parameterValue>
            </command:parameter>
            <command:parameter required="false" pipelineinput="false" globbing="false" position="named">
               <!--Dynamic-->
               <maml:name>Group</maml:name>
               <maml:description>
                  <maml:para/>
               </maml:description>
               <command:parameterValue required="false">string</command:parameterValue>
            </command:parameter>
         </command:syntaxItem>
         <command:syntaxItem>
            <maml:name>Get-KeePassEntry</maml:name>
            <command:parameter required="true" variableLength="false" globbing="false" pipelineInput="false" position="1">
               <maml:name>Id</maml:name>
               <maml:description>
                  <maml:para/>
               </maml:description>
               <command:parameterValue required="true" variableLength="false">String</command:parameterValue>
            </command:parameter>
            <command:parameter required="false" variableLength="false" globbing="false" pipelineInput="false" position="named" aliases="">
               <maml:name>InputObject</maml:name>
               <maml:description>
                  <maml:para>Accepts an object as input to the cmdlet. Enter a variable that contains the PwDatabase object or type a command or expression that gets the object e.g. Open-KeePassDB.</maml:para>
               </maml:description>
               <command:parameterValue required="false" variableLength="false">PwDatabase</command:parameterValue>
               <dev:defaultValue/>
            </command:parameter>
            <command:parameter required="false" pipelineinput="false" globbing="false" position="named">
               <!--Dynamic-->
               <maml:name>Attribute</maml:name>
               <maml:description>
                  <maml:para/>
               </maml:description>
               <command:parameterValue required="false">string</command:parameterValue>
            </command:parameter>
            <command:parameter required="false" pipelineinput="false" globbing="false" position="named">
               <!--Dynamic-->
               <maml:name>Group</maml:name>
               <maml:description>
                  <maml:para/>
               </maml:description>
               <command:parameterValue required="false">string</command:parameterValue>
            </command:parameter>
         </command:syntaxItem>
      </command:syntax>
      <command:parameters>
         <!-- All Parameters-->
         <command:parameter required="true" variableLength="false" globbing="false" pipelineInput="false" position="0" aliases="">
            <maml:name>InputObject</maml:name>
            <maml:description>
               <maml:para>Accepts an object as input to the cmdlet. Enter a variable that contains the PwDatabase object or type a command or expression that gets the object e.g. Open-KeePassDB.</maml:para>
            </maml:description>
            <command:parameterValue required="true" variableLength="false">PwDatabase</command:parameterValue>
            <dev:type>
               <maml:name>PwDatabase</maml:name>
               <maml:uri/>
            </dev:type>
            <dev:defaultValue/>
         </command:parameter>
         <command:parameter required="true" variableLength="false" globbing="false" pipelineInput="false" position="1">
            <maml:name>Entry</maml:name>
            <maml:description>
               <maml:para/>
            </maml:description>
            <command:parameterValue required="true" variableLength="false">String</command:parameterValue>
            <dev:type>
               <maml:name>String</maml:name>
               <maml:uri/>
            </dev:type>
            <dev:defaultValue/>
         </command:parameter>
         <command:parameter required="true" variableLength="false" globbing="false" pipelineInput="false" position="1">
            <maml:name>Id</maml:name>
            <maml:description>
               <maml:para/>
            </maml:description>
            <command:parameterValue required="true" variableLength="false">String</command:parameterValue>
            <dev:type>
               <maml:name>String</maml:name>
               <maml:uri/>
            </dev:type>
            <dev:defaultValue/>
         </command:parameter>
         <command:parameter required="false" globbing="false" pipelineInput="false" position="named" aliases="">
            <!--Dynamic-->
            <maml:name>Attribute</maml:name>
            <maml:description>
               <maml:para/>
            </maml:description>
            <command:parameterValue required="false">string</command:parameterValue>
            <dev:defaultValue>Username</dev:defaultValue>
         </command:parameter>
         <command:parameter required="false" globbing="false" pipelineInput="false" position="named" aliases="">
            <!--Dynamic-->
            <maml:name>Group</maml:name>
            <maml:description>
               <maml:para/>
            </maml:description>
            <command:parameterValue required="false">string</command:parameterValue>
            <dev:defaultValue/>
         </command:parameter>
      </command:parameters>
      <command:inputTypes>
         <!-- Inputs-->
         <command:inputType>
            <dev:type>
               <maml:name>KeePassLib.PwDatabase</maml:name>
               <maml:uri/>
            </dev:type>
            <maml:description>
               <maml:para/>
            </maml:description>
         </command:inputType>
      </command:inputTypes>
      <command:returnValues>
         <!-- Outputs-->
         <command:returnValue>
            <dev:type>
               <maml:name>System.Management.Automation.PSCredential
               </maml:name>
               <maml:uri/>
            </dev:type>
            <maml:description>
               <maml:para/>
            </maml:description>
         </command:returnValue>
      </command:returnValues>
      <maml:alertSet>
         <maml:title>Post execution</maml:title>
         <!-- Notes-->
         <maml:alert>
            <maml:para>Database should always be closed using the Close-KeePassDB cmdlet.</maml:para>
         </maml:alert>
      </maml:alertSet>
      <command:examples>
         <!-- Examples-->
         <command:example>
            <maml:title>-------------------------- EXAMPLE 1 --------------------------</maml:title>
            <maml:introduction>
               <maml:para>PS C:\&gt; </maml:para>
            </maml:introduction>
            <dev:code>$cred = Get-KeePassEntry -InputObject $db -Entry &apos;SampleUser&apos;</dev:code>
            <dev:remarks>
               <maml:para>Search whole database for entry based on attribute Username and store PSCredential object in variable $db.</maml:para>
            </dev:remarks>
         </command:example>
         <command:example>
            <maml:title>-------------------------- EXAMPLE 2 --------------------------</maml:title>
            <maml:introduction>
               <maml:para>PS C:\&gt; </maml:para>
            </maml:introduction>
            <dev:code>$cred = Get-KeePassEntry -InputObject $db -Entry &apos;SampleUser&apos; -Attribute &apos;Title&apos; -Group &apos;SampleGroup&apos;</dev:code>
            <dev:remarks>
               <maml:para>Search restricted to specified parent group within the database database for entry based on attribute Title and store PSCredential object in variable $db.</maml:para>
            </dev:remarks>
         </command:example>
         <command:example>
            <maml:title>-------------------------- EXAMPLE 3 --------------------------</maml:title>
            <maml:introduction>
               <maml:para>PS C:\&gt;</maml:para>
            </maml:introduction>
            <dev:code>$cred = Get-KeePassEntry -InputObject $db -Id &apos;44F8FC6F6652104FBDB66BE667C6DA81&apos;</dev:code>
            <dev:remarks>
               <maml:para>Search whole database for entry based on UUID and store PSCredential object in variable $db. UUID is always unique within the same database.</maml:para>
            </dev:remarks>
         </command:example>
      </command:examples>
   </command:command>
   <command:command xmlns:maml="http://schemas.microsoft.com/maml/2004/10" xmlns:command="http://schemas.microsoft.com/maml/dev/command/2004/10" xmlns:dev="http://schemas.microsoft.com/maml/dev/2004/10">
      <!-- Command-->
      <command:details>
         <command:name>Add-KeePassEntry</command:name>
         <maml:description>
            <maml:para>PSKeePass Cmdlet: Add database entry.</maml:para>
         </maml:description>
         <maml:copyright>
            <maml:para/>
         </maml:copyright>
         <command:verb>Add</command:verb>
         <command:noun>KeePassEntry</command:noun>
         <dev:version/>
      </command:details>
      <maml:description>
         <maml:para>Add database entry. Minimum required information is title, username, password and top-level group. Optionally URL and notes can be added. If the specified top-level group doesn&apos;t exist, it is created. Returns true when entry has been added successfully, false if failed.</maml:para>
      </maml:description>
      <command:syntax>
         <!-- Parameter Sets-->
         <command:syntaxItem>
            <maml:name>Add-KeePassEntry</maml:name>
            <command:parameter required="true" variableLength="false" globbing="false" pipelineInput="false" position="0" aliases="">
               <maml:name>InputObject</maml:name>
               <maml:description>
                  <maml:para>Accepts an object as input to the cmdlet. Enter a variable that contains the PwDatabase object or type a command or expression that gets the object e.g. Open-KeePassDB.</maml:para>
               </maml:description>
               <command:parameterValue required="true" variableLength="false">PwDatabase</command:parameterValue>
               <dev:defaultValue/>
            </command:parameter>
            <command:parameter required="true" variableLength="false" globbing="false" pipelineInput="false" position="named">
               <maml:name>Title</maml:name>
               <maml:description>
                  <maml:para>String representing the Title attribute</maml:para>
               </maml:description>
               <command:parameterValue required="true" variableLength="false">String</command:parameterValue>
            </command:parameter>
            <command:parameter required="true" variableLength="false" globbing="false" pipelineInput="false" position="named" aliases="">
               <maml:name>Username</maml:name>
               <maml:description>
                  <maml:para>String representing the Username attribute (principal name).</maml:para>
               </maml:description>
               <command:parameterValue required="true" variableLength="false">String</command:parameterValue>
               <dev:defaultValue/>
            </command:parameter>
            <command:parameter required="true" variableLength="false" globbing="false" pipelineInput="false" position="named" aliases="">
               <maml:name>Password</maml:name>
               <maml:description>
                  <maml:para>String representing the Password attribute (clear-text).</maml:para>
               </maml:description>
               <command:parameterValue required="true" variableLength="false">String</command:parameterValue>
               <dev:defaultValue/>
            </command:parameter>
            <command:parameter required="false" variableLength="false" globbing="false" pipelineInput="false" position="named" aliases="">
               <maml:name>URL</maml:name>
               <maml:description>
                  <maml:para>String representing the URL attribute. URL is validated. When URL is incorrectly formatted, as warning us shown.</maml:para>
               </maml:description>
               <command:parameterValue required="false" variableLength="false">String</command:parameterValue>
               <dev:defaultValue/>
            </command:parameter>
            <command:parameter required="false" variableLength="false" globbing="false" pipelineInput="false" position="named" aliases="">
               <maml:name>Notes</maml:name>
               <maml:description>
                  <maml:para>String representing the Notes attribute.</maml:para>
               </maml:description>
               <command:parameterValue required="false" variableLength="false">String</command:parameterValue>
               <dev:defaultValue/>
            </command:parameter>
            <command:parameter required="true" variableLength="false" globbing="false" pipelineInput="false" position="named" aliases="">
               <maml:name>TopLevelGroupName</maml:name>
               <maml:description>
                  <maml:para>String representing the toplevel group name in which to create the new entry. If specified group doesn&apos;t exist, it is created.</maml:para>
               </maml:description>
               <command:parameterValue required="true" variableLength="false">String</command:parameterValue>
               <dev:defaultValue/>
            </command:parameter>
            <command:parameter required="false" variableLength="false" globbing="false" pipelineInput="True (ByPropertyName)" position="named" aliases="">
               <maml:name>Icon</maml:name>
               <maml:description>
                  <maml:para>String representing the Icon attribute. Valid options are &quot;Key&quot;, &quot;Web&quot;, &quot;Windows&quot;, &quot;Linux&quot; and &quot;Console&quot;. Set&apos;s the icon for the entry specified. This parameter only support TAB completion in PowerShell 3.0 and higher.</maml:para>
               </maml:description>
               <command:parameterValue required="false" variableLength="false">String</command:parameterValue>
               <dev:defaultValue>Key</dev:defaultValue>
            </command:parameter>
         </command:syntaxItem>
         <command:syntaxItem>
            <maml:name>Add-KeePassEntry</maml:name>
            <command:parameter required="true" variableLength="false" globbing="false" pipelineInput="false" position="0" aliases="">
               <maml:name>InputObject</maml:name>
               <maml:description>
                  <maml:para>Accepts an object as input to the cmdlet. Enter a variable that contains the PwDatabase object or type a command or expression that gets the object e.g. Open-KeePassDB.</maml:para>
               </maml:description>
               <command:parameterValue required="true" variableLength="false">PwDatabase</command:parameterValue>
               <dev:defaultValue/>
            </command:parameter>
            <command:parameter required="true" variableLength="false" globbing="false" pipelineInput="false" position="named">
               <maml:name>Title</maml:name>
               <maml:description>
                  <maml:para>String representing the Title attribute</maml:para>
               </maml:description>
               <command:parameterValue required="true" variableLength="false">String</command:parameterValue>
            </command:parameter>
            <command:parameter required="false" variableLength="false" globbing="false" pipelineInput="false" position="named" aliases="">
               <maml:name>URL</maml:name>
               <maml:description>
                  <maml:para>String representing the URL attribute. URL is validated. When URL is incorrectly formatted, as warning us shown.</maml:para>
               </maml:description>
               <command:parameterValue required="false" variableLength="false">String</command:parameterValue>
               <dev:defaultValue/>
            </command:parameter>
            <command:parameter required="false" variableLength="false" globbing="false" pipelineInput="false" position="named" aliases="">
               <maml:name>Notes</maml:name>
               <maml:description>
                  <maml:para>String representing the Notes attribute.</maml:para>
               </maml:description>
               <command:parameterValue required="false" variableLength="false">String</command:parameterValue>
               <dev:defaultValue/>
            </command:parameter>
            <command:parameter required="true" variableLength="false" globbing="false" pipelineInput="false" position="named" aliases="">
               <maml:name>Credential</maml:name>
               <maml:description>
                  <maml:para>Accepts an PSCredential object as input to the cmdlet. Enter a variable that contains the object or type a command or expression that gets the object e.g. Get-Credential.</maml:para>
               </maml:description>
               <command:parameterValue required="true" variableLength="false">PSCredential</command:parameterValue>
               <dev:defaultValue/>
            </command:parameter>
            <command:parameter required="true" variableLength="false" globbing="false" pipelineInput="false" position="named" aliases="">
               <maml:name>TopLevelGroupName</maml:name>
               <maml:description>
                  <maml:para>String representing the toplevel group name in which to create the new entry. If specified group doesn&apos;t exist, it is created.</maml:para>
               </maml:description>
               <command:parameterValue required="true" variableLength="false">String</command:parameterValue>
               <dev:defaultValue/>
            </command:parameter>
            <command:parameter required="false" variableLength="false" globbing="false" pipelineInput="True (ByPropertyName)" position="named" aliases="">
               <maml:name>Icon</maml:name>
               <maml:description>
                  <maml:para>String representing the Icon attribute. Valid options are &quot;Key&quot;, &quot;Web&quot;, &quot;Windows&quot;, &quot;Linux&quot; and &quot;Console&quot;. Set&apos;s the icon for the entry specified. This parameter only support TAB completion in PowerShell 3.0 and higher.</maml:para>
               </maml:description>
               <command:parameterValue required="false" variableLength="false">String</command:parameterValue>
               <dev:defaultValue>Key</dev:defaultValue>
            </command:parameter>
         </command:syntaxItem>
      </command:syntax>
      <command:parameters>
         <!-- All Parameters-->
         <command:parameter required="true" variableLength="false" globbing="false" pipelineInput="false" position="0" aliases="">
            <maml:name>InputObject</maml:name>
            <maml:description>
               <maml:para>Accepts an object as input to the cmdlet. Enter a variable that contains the PwDatabase object or type a command or expression that gets the object e.g. Open-KeePassDB.</maml:para>
            </maml:description>
            <command:parameterValue required="true" variableLength="false">PwDatabase</command:parameterValue>
            <dev:type>
               <maml:name>PwDatabase</maml:name>
               <maml:uri/>
            </dev:type>
            <dev:defaultValue/>
         </command:parameter>
         <command:parameter required="true" variableLength="false" globbing="false" pipelineInput="false" position="named">
            <maml:name>Title</maml:name>
            <maml:description>
               <maml:para>String representing the Title attribute</maml:para>
            </maml:description>
            <command:parameterValue required="true" variableLength="false">String</command:parameterValue>
            <dev:type>
               <maml:name>String</maml:name>
               <maml:uri/>
            </dev:type>
            <dev:defaultValue/>
         </command:parameter>
         <command:parameter required="true" variableLength="false" globbing="false" pipelineInput="false" position="named" aliases="">
            <maml:name>Username</maml:name>
            <maml:description>
               <maml:para>String representing the Username attribute (principal name).</maml:para>
            </maml:description>
            <command:parameterValue required="true" variableLength="false">String</command:parameterValue>
            <dev:type>
               <maml:name>String</maml:name>
               <maml:uri/>
            </dev:type>
            <dev:defaultValue/>
         </command:parameter>
         <command:parameter required="true" variableLength="false" globbing="false" pipelineInput="false" position="named" aliases="">
            <maml:name>Password</maml:name>
            <maml:description>
               <maml:para>String representing the Password attribute (clear-text).</maml:para>
            </maml:description>
            <command:parameterValue required="true" variableLength="false">String</command:parameterValue>
            <dev:type>
               <maml:name>String</maml:name>
               <maml:uri/>
            </dev:type>
            <dev:defaultValue/>
         </command:parameter>
         <command:parameter required="false" variableLength="false" globbing="false" pipelineInput="false" position="named" aliases="">
            <maml:name>URL</maml:name>
            <maml:description>
               <maml:para>String representing the URL attribute. URL is validated. When URL is incorrectly formatted, as warning us shown.</maml:para>
            </maml:description>
            <command:parameterValue required="false" variableLength="false">String</command:parameterValue>
            <dev:type>
               <maml:name>String</maml:name>
               <maml:uri/>
            </dev:type>
            <dev:defaultValue/>
         </command:parameter>
         <command:parameter required="false" variableLength="false" globbing="false" pipelineInput="false" position="named" aliases="">
            <maml:name>Notes</maml:name>
            <maml:description>
               <maml:para>String representing the Notes attribute.</maml:para>
            </maml:description>
            <command:parameterValue required="false" variableLength="false">String</command:parameterValue>
            <dev:type>
               <maml:name>String</maml:name>
               <maml:uri/>
            </dev:type>
            <dev:defaultValue/>
         </command:parameter>
         <command:parameter required="true" variableLength="false" globbing="false" pipelineInput="false" position="named" aliases="">
            <maml:name>TopLevelGroupName</maml:name>
            <maml:description>
               <maml:para>String representing the toplevel group name in which to create the new entry. If specified group doesn&apos;t exist, it is created.</maml:para>
            </maml:description>
            <command:parameterValue required="true" variableLength="false">String</command:parameterValue>
            <dev:type>
               <maml:name>String</maml:name>
               <maml:uri/>
            </dev:type>
            <dev:defaultValue/>
         </command:parameter>
         <command:parameter required="false" variableLength="false" globbing="false" pipelineInput="True (ByPropertyName)" position="named" aliases="">
            <maml:name>Icon</maml:name>
            <maml:description>
               <maml:para>String representing the Icon attribute. Valid options are &quot;Key&quot;, &quot;Web&quot;, &quot;Windows&quot;, &quot;Linux&quot; and &quot;Console&quot;. Set&apos;s the icon for the entry specified. This parameter only support TAB completion in PowerShell 3.0 and higher.</maml:para>
            </maml:description>
            <command:parameterValue required="false" variableLength="false">String</command:parameterValue>
            <dev:type>
               <maml:name>String</maml:name>
               <maml:uri/>
            </dev:type>
            <dev:defaultValue>Key</dev:defaultValue>
         </command:parameter>
         <command:parameter required="true" variableLength="false" globbing="false" pipelineInput="false" position="named" aliases="">
            <maml:name>Credential</maml:name>
            <maml:description>
               <maml:para>Accepts an PSCredential object as input to the cmdlet. Enter a variable that contains the object or type a command or expression that gets the object e.g. Get-Credential.</maml:para>
            </maml:description>
            <command:parameterValue required="true" variableLength="false">PSCredential</command:parameterValue>
            <dev:type>
               <maml:name>PSCredential</maml:name>
               <maml:uri/>
            </dev:type>
            <dev:defaultValue/>
         </command:parameter>
      </command:parameters>
      <command:inputTypes>
         <!-- Inputs-->
         <command:inputType>
            <dev:type>
               <maml:name>System.String
               </maml:name>
               <maml:uri/>
            </dev:type>
            <maml:description>
               <maml:para/>
            </maml:description>
         </command:inputType>
      </command:inputTypes>
      <command:returnValues>
         <!-- Outputs-->
         <command:returnValue>
            <dev:type>
               <maml:name>System.Boolean
               </maml:name>
               <maml:uri/>
            </dev:type>
            <maml:description>
               <maml:para/>
            </maml:description>
         </command:returnValue>
      </command:returnValues>
      <maml:alertSet>
         <maml:title>Limitations</maml:title>
         <!-- Notes-->
         <maml:title>Post execution</maml:title>
         <maml:alert>
            <maml:para>Subgroups are not supported by this cmdlet. </maml:para>
         </maml:alert>
         <maml:alert>
            <maml:para>Database should always be closed using the Close-KeePassDB cmdlet.</maml:para>
         </maml:alert>
      </maml:alertSet>
      <command:examples>
         <!-- Examples-->
         <command:example>
            <maml:title>-------------------------- EXAMPLE 1 --------------------------</maml:title>
            <maml:introduction>
               <maml:para>PS C:\&gt; </maml:para>
            </maml:introduction>
            <dev:code>Add-KeePassEntry -InputObject $db -Title &apos;SampleTitle&apos; -Username &apos;SampleUser&apos; -Password &apos;secret&apos; -TopLevelGroupName &apos;SampleGroup&apos;</dev:code>
            <dev:remarks>
               <maml:para>Adds a entry to the specified database object, using the minimal required attributes. If the toplevel group doesn&apos;t exist, it is created.</maml:para>
            </dev:remarks>
         </command:example>
         <command:example>
            <maml:title>-------------------------- EXAMPLE 2 --------------------------</maml:title>
            <maml:introduction>
               <maml:para>PS C:\&gt; </maml:para>
            </maml:introduction>
            <dev:code>Add-KeePassEntry -InputObject $db -Title &apos;SampleTitle&apos; -Username &apos;SampleUser&apos; -Password &apos;secret&apos; -TopLevelGroupName &apos;SampleGroup&apos; URL &apos;http://sample.website.com&apos; -Notes &apos;This is a sample entry.&apos; -Icon &apos;Web&apos;
            </dev:code>
            <dev:remarks>
               <maml:para>Adds a entry to the specified database object, using the all attributes. If the toplevel group doesn&apos;t exist, it is created. Set Icon to the web icon instead of the default key icon.</maml:para>
            </dev:remarks>
         </command:example>
         <command:example>
            <maml:title>-------------------------- EXAMPLE 3 --------------------------</maml:title>
            <maml:introduction>
               <maml:para>PS C:\&gt;</maml:para>
            </maml:introduction>
            <dev:code>Add-KeePassEntry -InputObject $db -Credential $cred -Title &apos;SampleTitle&apos; -TopLevelGroupName &apos;SampleGroup&apos;</dev:code>
            <dev:remarks>
               <maml:para>Using a PSCredential object stored in a variable add a entry to the specified database object, using the minimal required attributes. If the toplevel group doesn&apos;t exist, it is created.</maml:para>
            </dev:remarks>
         </command:example>
      </command:examples>
   </command:command>
   <!-- Generated by: SAPIEN PowerShell HelpWriter 2015 v1.0.15-->
</helpItems>