<?xml version="1.0" encoding="utf-8" ?>
<helpItems xmlns="http://msh" schema="maml">
   <!--Edited with: SAPIEN PowerShell HelpWriter 2015 v1.0.16-->
   <!--Generated by: SAPIEN PowerShell HelpWriter 2015 v1.0.16-->
   <!--
		Root Module: 	PsDellAsset
		Root Version:	1.0.5753.28893
		Module: 		PSDellAsset
		Version:		1.1.5939.39581
	-->
   <!--All Commands-->
   <command:command xmlns:maml="http://schemas.microsoft.com/maml/2004/10" xmlns:command="http://schemas.microsoft.com/maml/dev/command/2004/10" xmlns:dev="http://schemas.microsoft.com/maml/dev/2004/10">
      <!--Command-->
      <command:details>
         <command:name>Invoke-AssetService</command:name>
         <maml:description>
            <maml:para>PSDellAsset.dll Cmdlet: Returns Asset and Entitlement information from Dell online asset service based on Dell ServiceTag.</maml:para>
         </maml:description>
         <maml:copyright>
            <maml:para/>
         </maml:copyright>
         <command:verb>Invoke</command:verb>
         <command:noun>AssetService</command:noun>
         <dev:version/>
      </command:details>
      <maml:description>
         <maml:para>Returns Asset and Entitlement information from Dell online asset service based on Dell ServiceTag. Per default the ServiceTag is read locally from the BIOS from the server on which this cmdlet is executed. Optionally using the parameter -ComputerName the Service Express Code can be calculated for a remote Dell server/workstation. The parameter -online navigates directly to the Dell website support section (Warranty, Drivers, Manuals) provided by opening the default browser.</maml:para>
      </maml:description>
      <command:syntax>
         <!--Parameter Sets-->
         <command:syntaxItem>
            <maml:name>Invoke-AssetService</maml:name>
            <command:parameter required="false" variableLength="false" globbing="false" pipelineInput="false" position="named" aliases="">
               <maml:name>Online</maml:name>
               <maml:description>
                  <maml:para>Specifies the Dell support website section to open in the default browser. Valid options are &quot;Warranty&quot;, &quot;Drivers&quot; and &quot;Manuals&quot;.</maml:para>
               </maml:description>
               <command:parameterValue required="false" variableLength="false">String</command:parameterValue>
               <dev:defaultValue/>
            </command:parameter>
         </command:syntaxItem>
         <command:syntaxItem>
            <maml:name>Invoke-AssetService</maml:name>
            <command:parameter required="false" variableLength="false" globbing="false" pipelineInput="false" position="named" aliases="">
               <maml:name>ComputerName</maml:name>
               <maml:description>
                  <maml:para>Accepts a string as input to the cmdlet. Gets the Servicetag from the specified computer which is used to retrieve asset and Entitlement information.

Type the NetBIOS name, an IP address, or a fully qualified domain name of one or more remote computers. To specify the local computer, type the computer name, &quot;localhost&quot;, or a dot (.). When the computer is in a different domain than the user, the fully qualified domain name is required.</maml:para>
               </maml:description>
               <command:parameterValue required="false" variableLength="false">String</command:parameterValue>
               <dev:defaultValue>
               </dev:defaultValue>
            </command:parameter>
            <command:parameter required="false" variableLength="false" globbing="false" pipelineInput="false" position="named" aliases="">
               <maml:name>Online</maml:name>
               <maml:description>
                  <maml:para>Specifies the Dell support website section to open in the default browser. Valid options are &quot;Warranty&quot;, &quot;Drivers&quot; and &quot;Manuals&quot;.</maml:para>
               </maml:description>
               <command:parameterValue required="false" variableLength="false">String</command:parameterValue>
               <dev:defaultValue/>
            </command:parameter>
         </command:syntaxItem>
         <command:syntaxItem>
            <maml:name>Invoke-AssetService</maml:name>
            <command:parameter required="false" variableLength="false" globbing="false" pipelineInput="false" position="named" aliases="">
               <maml:name>ComputerName</maml:name>
               <maml:description>
                  <maml:para>Accepts a string as input to the cmdlet. Gets the Servicetag from the specified computer which is used to retrieve asset and Entitlement information.

Type the NetBIOS name, an IP address, or a fully qualified domain name of one or more remote computers. To specify the local computer, type the computer name, &quot;localhost&quot;, or a dot (.). When the computer is in a different domain than the user, the fully qualified domain name is required.</maml:para>
               </maml:description>
               <command:parameterValue required="false" variableLength="false">String</command:parameterValue>
               <dev:defaultValue>
               </dev:defaultValue>
            </command:parameter>
            <command:parameter required="false" variableLength="false" globbing="false" pipelineInput="false" position="named" aliases="">
               <maml:name>Credential</maml:name>
               <maml:description>
                  <maml:para>Accepts a PSCredential object as input to the cmdlet. Specifies a user account that has permission to send the request. The default is the current user.

Type a user name, such as &quot;User01&quot; or &quot;Domain01\User01&quot;, or enter a PSCredential object, such as one generated by the Get-Credential cmdlet.</maml:para>
               </maml:description>
               <command:parameterValue required="false" variableLength="false">PSCredential</command:parameterValue>
               <dev:defaultValue>
               </dev:defaultValue>
            </command:parameter>
         </command:syntaxItem>
         <command:syntaxItem>
            <maml:name>Invoke-AssetService</maml:name>
            <command:parameter required="false" variableLength="false" globbing="false" pipelineInput="false" position="named" aliases="">
               <maml:name>ComputerName</maml:name>
               <maml:description>
                  <maml:para>Accepts a string as input to the cmdlet. Gets the Servicetag from the specified computer which is used to retrieve asset and Entitlement information.

Type the NetBIOS name, an IP address, or a fully qualified domain name of one or more remote computers. To specify the local computer, type the computer name, &quot;localhost&quot;, or a dot (.). When the computer is in a different domain than the user, the fully qualified domain name is required.</maml:para>
               </maml:description>
               <command:parameterValue required="false" variableLength="false">String</command:parameterValue>
               <dev:defaultValue>
               </dev:defaultValue>
            </command:parameter>
            <command:parameter required="false" variableLength="false" globbing="false" pipelineInput="false" position="named" aliases="">
               <maml:name>Username</maml:name>
               <maml:description>
                  <maml:para>Accepts a string as input to the cmdlet. Connects to the remote computer through WMI using the specified username.</maml:para>
               </maml:description>
               <command:parameterValue required="false" variableLength="false">String</command:parameterValue>
               <dev:defaultValue>
               </dev:defaultValue>
            </command:parameter>
            <command:parameter required="false" variableLength="false" globbing="false" pipelineInput="false" position="named" aliases="">
               <maml:name>Password</maml:name>
               <maml:description>
                  <maml:para>Accepts a string as input to the cmdlet. Connects to the remote computer through WMI using the specified password.</maml:para>
               </maml:description>
               <command:parameterValue required="false" variableLength="false">String</command:parameterValue>
               <dev:defaultValue>
               </dev:defaultValue>
            </command:parameter>
         </command:syntaxItem>
         <command:syntaxItem>
            <maml:name>Invoke-AssetService</maml:name>
            <command:parameter required="false" variableLength="false" globbing="false" pipelineInput="false" position="named" aliases="">
               <maml:name>ServiceTag</maml:name>
               <maml:description>
                  <maml:para>Accepts a string as input to the cmdlet. Enter a string that represents the ServiceTag of a Dell server.</maml:para>
               </maml:description>
               <command:parameterValue required="false" variableLength="false">String</command:parameterValue>
               <dev:defaultValue/>
            </command:parameter>
            <command:parameter required="false" variableLength="false" globbing="false" pipelineInput="false" position="named" aliases="">
               <maml:name>Online</maml:name>
               <maml:description>
                  <maml:para>Specifies the Dell support website section to open in the default browser. Valid options are &quot;Warranty&quot;, &quot;Drivers&quot; and &quot;Manuals&quot;.</maml:para>
               </maml:description>
               <command:parameterValue required="false" variableLength="false">String</command:parameterValue>
               <dev:defaultValue/>
            </command:parameter>
         </command:syntaxItem>
      </command:syntax>
      <command:parameters>
         <!--All Parameters-->
         <command:parameter required="false" variableLength="false" globbing="false" pipelineInput="false" position="named" aliases="">
            <maml:name>Online</maml:name>
            <maml:description>
               <maml:para>Specifies the Dell support website section to open in the default browser. Valid options are &quot;Warranty&quot;, &quot;Drivers&quot; and &quot;Manuals&quot;.</maml:para>
            </maml:description>
            <command:parameterValue required="false" variableLength="false">String</command:parameterValue>
            <dev:type>
               <maml:name>String</maml:name>
               <maml:uri/>
            </dev:type>
            <dev:defaultValue/>
         </command:parameter>
         <command:parameter required="false" variableLength="false" globbing="false" pipelineInput="false" position="named" aliases="">
            <maml:name>ComputerName</maml:name>
            <maml:description>
               <maml:para>Accepts a string as input to the cmdlet. Gets the Servicetag from the specified computer which is used to retrieve asset and Entitlement information.

Type the NetBIOS name, an IP address, or a fully qualified domain name of one or more remote computers. To specify the local computer, type the computer name, &quot;localhost&quot;, or a dot (.). When the computer is in a different domain than the user, the fully qualified domain name is required.</maml:para>
            </maml:description>
            <command:parameterValue required="false" variableLength="false">String</command:parameterValue>
            <dev:type>
               <maml:name>String</maml:name>
               <maml:uri/>
            </dev:type>
            <dev:defaultValue>
            </dev:defaultValue>
         </command:parameter>
         <command:parameter required="false" variableLength="false" globbing="false" pipelineInput="false" position="named" aliases="">
            <maml:name>Credential</maml:name>
            <maml:description>
               <maml:para>Accepts a PSCredential object as input to the cmdlet. Specifies a user account that has permission to send the request. The default is the current user.

Type a user name, such as &quot;User01&quot; or &quot;Domain01\User01&quot;, or enter a PSCredential object, such as one generated by the Get-Credential cmdlet.</maml:para>
            </maml:description>
            <command:parameterValue required="false" variableLength="false">PSCredential</command:parameterValue>
            <dev:type>
               <maml:name>PSCredential</maml:name>
               <maml:uri/>
            </dev:type>
            <dev:defaultValue>
            </dev:defaultValue>
         </command:parameter>
         <command:parameter required="false" variableLength="false" globbing="false" pipelineInput="false" position="named" aliases="">
            <maml:name>Username</maml:name>
            <maml:description>
               <maml:para>Accepts a string as input to the cmdlet. Connects to the remote computer through WMI using the specified username.</maml:para>
            </maml:description>
            <command:parameterValue required="false" variableLength="false">String</command:parameterValue>
            <dev:type>
               <maml:name>String</maml:name>
               <maml:uri/>
            </dev:type>
            <dev:defaultValue>
            </dev:defaultValue>
         </command:parameter>
         <command:parameter required="false" variableLength="false" globbing="false" pipelineInput="false" position="named" aliases="">
            <maml:name>Password</maml:name>
            <maml:description>
               <maml:para>Accepts a string as input to the cmdlet. Connects to the remote computer through WMI using the specified password.</maml:para>
            </maml:description>
            <command:parameterValue required="false" variableLength="false">String</command:parameterValue>
            <dev:type>
               <maml:name>String</maml:name>
               <maml:uri/>
            </dev:type>
            <dev:defaultValue>
            </dev:defaultValue>
         </command:parameter>
         <command:parameter required="false" variableLength="false" globbing="false" pipelineInput="false" position="named" aliases="">
            <maml:name>ServiceTag</maml:name>
            <maml:description>
               <maml:para>Accepts a string as input to the cmdlet. Enter a string that represents the ServiceTag of a Dell server.</maml:para>
            </maml:description>
            <command:parameterValue required="false" variableLength="false">String</command:parameterValue>
            <dev:type>
               <maml:name>String</maml:name>
               <maml:uri/>
            </dev:type>
            <dev:defaultValue/>
         </command:parameter>
      </command:parameters>
      <command:returnValues>
         <!--Outputs-->
         <command:returnValue>
            <maml:description>
               <maml:para>Asset[] array containing the Asset and Entitlement information from the Dell online asset service.</maml:para>
            </maml:description>
            <dev:type>
               <maml:name>PSDellAsset.Asset</maml:name>
               <maml:uri>
               </maml:uri>
            </dev:type>
         </command:returnValue>
         <command:returnValue>
            <dev:type>
               <maml:name>Null</maml:name>
               <maml:uri/>
            </dev:type>
            <maml:description>
               <maml:para/>
               <maml:para/>
               <maml:para/>
               <maml:para/>
            </maml:description>
         </command:returnValue>
      </command:returnValues>
      <maml:alertSet>
         <!--Notes-->
         <maml:title>Proxy</maml:title>
         <maml:alert>
            <maml:para>Only Dell systems are supported.
            </maml:para>
         </maml:alert>
      </maml:alertSet>
      <command:examples>
         <!--Examples-->
         <command:example>
            <maml:title>-------------------------- EXAMPLE 1 --------------------------</maml:title>
            <maml:introduction>
               <maml:para>PS C:\&gt;</maml:para>
            </maml:introduction>
            <dev:code>Invoke-AssetService</dev:code>
            <dev:remarks>
               <maml:para>Returns a asset[] array containing the Asset and Entitlement information from the Dell online asset service of the computername on which this cmdlet is executed.</maml:para>
            </dev:remarks>
         </command:example>
         <command:example>
            <maml:title>-------------------------- EXAMPLE 2 --------------------------</maml:title>
            <maml:introduction>
               <maml:para>PS C:\&gt;</maml:para>
            </maml:introduction>
            <dev:code>Invoke-AssetService -ComputerName &apos;RemoteHost&apos; -Credentials $cred -Verbose</dev:code>
            <dev:remarks>
               <maml:para>Returns a asset[] array containing the Asset and Entitlement information from the Dell online asset service of the remote machine specified. PSCredential stored in $cred is used to authenticate on the remote server (WMI). Verbose is enabled, showing the discovered ServiceTag used to retrieve the Asset and Entitlement information.</maml:para>
            </dev:remarks>
         </command:example>
         <command:example>
            <maml:title>-------------------------- EXAMPLE 3 --------------------------</maml:title>
            <maml:introduction>
               <maml:para>PS C:\&gt;</maml:para>
            </maml:introduction>
            <dev:code>Invoke-AssetService -Online &apos;Drivers&apos;</dev:code>
            <dev:remarks>
               <maml:para>Opens the default browser and navigates directly to the Dell website support section &quot;Drivers&quot; based on the discovered Dell ServiceTag. Valid options are Warranty, Drivers and Manuals. The information presented is specific for that ServiceTag.</maml:para>
            </dev:remarks>
         </command:example>
         <command:example>
            <maml:title>-------------------------- EXAMPLE 4 --------------------------</maml:title>
            <maml:introduction>
               <maml:para>PS C:\&gt;</maml:para>
            </maml:introduction>
            <dev:code>$Asset = Invoke-AssetService -ComputerName &apos;RemoteHost&apos; -Username &apos;Domain01\User01&apos; -Password &apos;isasecret&apos;</dev:code>
            <dev:remarks>
               <maml:para>Returns a asset[] array containing the Asset and Entitlement information from the Dell online asset service of the computername on which this cmdlet is executed. Asset information is stored in variable $Asset. The provided username and password is used to authenticate on the remote server (WMI).</maml:para>
            </dev:remarks>
         </command:example>
      </command:examples>
      <maml:relatedLinks>
         <!--Links-->
         <maml:navigationLink>
            <maml:linkText>Dell Asset Service Description</maml:linkText>
            <maml:uri>http://xserv.dell.com/services/assetservice.asmx</maml:uri>
         </maml:navigationLink>
      </maml:relatedLinks>
   </command:command>
   <command:command xmlns:maml="http://schemas.microsoft.com/maml/2004/10" xmlns:command="http://schemas.microsoft.com/maml/dev/command/2004/10" xmlns:dev="http://schemas.microsoft.com/maml/dev/2004/10">
      <!--Command-->
      <command:details>
         <command:name>Show-ExpressServiceCode</command:name>
         <maml:description>
            <maml:para>PSDellAsset.dll Cmdlet: Calculates Dell Service Express Code based on discovered or provided Dell ServiceTag number.</maml:para>
         </maml:description>
         <maml:copyright>
            <maml:para/>
         </maml:copyright>
         <command:verb>Show</command:verb>
         <command:noun>ExpressServiceCode</command:noun>
         <dev:version/>
      </command:details>
      <maml:description>
         <maml:para>Calculates Dell Service Express Code based on discovered or provided Dell ServiceTag number. Per default the ServiceTag is read locally from the BIOS from the server on which this cmdlet is executed. Optionally using the parameter -ComputerName the Service Express Code can be calculated for a remote Dell server/workstation. The current user’s credentials are used to connect to the remote system.</maml:para>
      </maml:description>
      <command:syntax>
         <!--Parameter Sets-->
         <command:syntaxItem>
            <maml:name>Show-ExpressServiceCode</maml:name>
            <command:parameter required="false" variableLength="false" globbing="false" pipelineInput="false" position="named">
               <maml:name>NoSeparator</maml:name>
               <maml:description>
                  <maml:para>Specifies if the Dell Service Express Code should be returned without separators.</maml:para>
               </maml:description>
               <command:parameterValue required="false" variableLength="false">SwitchParameter</command:parameterValue>
            </command:parameter>
         </command:syntaxItem>
         <command:syntaxItem>
            <maml:name>Show-ExpressServiceCode</maml:name>
            <command:parameter required="false" variableLength="false" globbing="false" pipelineInput="false" position="named">
               <maml:name>NoSeparator</maml:name>
               <maml:description>
                  <maml:para>Specifies if the Dell Service Express Code should be returned without separators.</maml:para>
               </maml:description>
               <command:parameterValue required="false" variableLength="false">SwitchParameter</command:parameterValue>
            </command:parameter>
            <command:parameter required="false" variableLength="false" globbing="false" pipelineInput="false" position="named" aliases="">
               <maml:name>ServiceTag</maml:name>
               <maml:description>
                  <maml:para>Accepts a string as input to the cmdlet. Enter a string that represents the ServiceTag of a Dell server.</maml:para>
               </maml:description>
               <command:parameterValue required="false" variableLength="false">String</command:parameterValue>
               <dev:defaultValue>
               </dev:defaultValue>
            </command:parameter>
         </command:syntaxItem>
         <command:syntaxItem>
            <maml:name>Show-ExpressServiceCode</maml:name>
            <command:parameter required="false" variableLength="false" globbing="false" pipelineInput="false" position="named">
               <maml:name>NoSeparator</maml:name>
               <maml:description>
                  <maml:para>Specifies if the Dell Service Express Code should be returned without separators.</maml:para>
               </maml:description>
               <command:parameterValue required="false" variableLength="false">SwitchParameter</command:parameterValue>
            </command:parameter>
            <command:parameter required="false" variableLength="false" globbing="false" pipelineInput="false" position="named" aliases="">
               <maml:name>ComputerName</maml:name>
               <maml:description>
                  <maml:para>Accepts a string as input to the cmdlet. Enter a string that represents the remote computer name for which to calculate the Dell Service Express Code.

Type the NetBIOS name, an IP address, or a fully qualified domain name of one or more remote computers. To specify the local computer, type the computer name, &quot;localhost&quot;, or a dot (.). When the computer is in a different domain than the user, the fully qualified domain name is required.</maml:para>
               </maml:description>
               <command:parameterValue required="false" variableLength="false">String</command:parameterValue>
               <dev:defaultValue>
               </dev:defaultValue>
            </command:parameter>
         </command:syntaxItem>
      </command:syntax>
      <command:parameters>
         <!--All Parameters-->
         <command:parameter required="false" variableLength="false" globbing="false" pipelineInput="false" position="named">
            <maml:name>NoSeparator</maml:name>
            <maml:description>
               <maml:para>Specifies if the Dell Service Express Code should be returned without separators.</maml:para>
            </maml:description>
            <command:parameterValue required="false" variableLength="false">SwitchParameter</command:parameterValue>
            <dev:type>
               <maml:name>SwitchParameter</maml:name>
               <maml:uri/>
            </dev:type>
            <dev:defaultValue/>
         </command:parameter>
         <command:parameter required="false" variableLength="false" globbing="false" pipelineInput="false" position="named" aliases="">
            <maml:name>ServiceTag</maml:name>
            <maml:description>
               <maml:para>Accepts a string as input to the cmdlet. Enter a string that represents the ServiceTag of a Dell server.</maml:para>
            </maml:description>
            <command:parameterValue required="false" variableLength="false">String</command:parameterValue>
            <dev:type>
               <maml:name>String</maml:name>
               <maml:uri/>
            </dev:type>
            <dev:defaultValue>
            </dev:defaultValue>
         </command:parameter>
         <command:parameter required="false" variableLength="false" globbing="false" pipelineInput="false" position="named" aliases="">
            <maml:name>ComputerName</maml:name>
            <maml:description>
               <maml:para>Accepts a string as input to the cmdlet. Enter a string that represents the remote computer name for which to calculate the Dell Service Express Code.

Type the NetBIOS name, an IP address, or a fully qualified domain name of one or more remote computers. To specify the local computer, type the computer name, &quot;localhost&quot;, or a dot (.). When the computer is in a different domain than the user, the fully qualified domain name is required.</maml:para>
            </maml:description>
            <command:parameterValue required="false" variableLength="false">String</command:parameterValue>
            <dev:type>
               <maml:name>String</maml:name>
               <maml:uri/>
            </dev:type>
            <dev:defaultValue>
            </dev:defaultValue>
         </command:parameter>
      </command:parameters>
      <command:returnValues>
         <!--Outputs-->
         <command:returnValue>
            <maml:description>
               <maml:para>Contains calculated the Dell Service Express Code.
               </maml:para>
            </maml:description>
            <dev:type>
               <maml:name>System.String</maml:name>
               <maml:uri>
               </maml:uri>
            </dev:type>
         </command:returnValue>
         <command:returnValue>
            <dev:type>
               <maml:name>Null</maml:name>
               <maml:uri/>
            </dev:type>
            <maml:description>
               <maml:para/>
            </maml:description>
         </command:returnValue>
      </command:returnValues>
      <maml:alertSet>
         <!--Notes-->
         <maml:title>Compatibility</maml:title>
         <maml:alert>
            <maml:para>Only Dell machines are supported.</maml:para>
         </maml:alert>
      </maml:alertSet>
      <command:examples>
         <!--Examples-->
         <command:example>
            <maml:title>-------------------------- EXAMPLE 1 --------------------------</maml:title>
            <maml:introduction>
               <maml:para>PS C:\&gt;</maml:para>
            </maml:introduction>
            <dev:code>Show-ExpressServiceCode</dev:code>
            <dev:remarks>
               <maml:para>Returns a string containing the calculated Dell Service Express Code (ESC) of the computername on which this command is
executed. The ESC is seperated by dashes every three characters.</maml:para>
            </dev:remarks>
         </command:example>
         <command:example>
            <maml:title>-------------------------- EXAMPLE 2 --------------------------</maml:title>
            <maml:introduction>
               <maml:para>PS C:\&gt;</maml:para>
            </maml:introduction>
            <dev:code>Show-ExpressServiceCode -NoSeparator -ComputerName &#39;RemoteHost&#39; -Verbose</dev:code>
            <dev:remarks>
               <maml:para>Returns a string containing the calculated Dell Service Express Code (ESC) remotely from computername &quot;RemoteHost&quot;. The
ESC is returned without separators. Verbose is enable, showing the discovered ServiceTag used to calculate the ESC.</maml:para>
            </dev:remarks>
         </command:example>
         <command:example>
            <maml:title>-------------------------- EXAMPLE 3 --------------------------</maml:title>
            <maml:introduction>
               <maml:para>PS C:\&gt;</maml:para>
            </maml:introduction>
            <dev:code>Show-ExpressServiceCode -ServiceTag &#39;0123456&#39;</dev:code>
            <dev:remarks>
               <maml:para>Returns a string containing the calculated Dell Service Express Code (ESC) based on the manually provided Dell ServiceTa
g. The ESC is seperated by dashes every three characters.</maml:para>
            </dev:remarks>
         </command:example>
      </command:examples>
      <maml:relatedLinks>
         <!--Links-->
      </maml:relatedLinks>
   </command:command>
   <!--Generated by: SAPIEN PowerShell HelpWriter 2015 v1.0.16-->
</helpItems>