<?xml version="1.0" encoding="utf-8" ?>
<helpItems xmlns="http://msh" schema="maml">
   <!--Edited with: SAPIEN PowerShell HelpWriter 2015 v1.0.16-->
   <!--Generated by: SAPIEN PowerShell HelpWriter 2015 v1.0.16-->
   <!--
		Module: 		PsDellAsset
		Version:		1.0.5753.28893
	-->
   <!--All Commands-->
   <command:command xmlns:maml="http://schemas.microsoft.com/maml/2004/10" xmlns:command="http://schemas.microsoft.com/maml/dev/command/2004/10" xmlns:dev="http://schemas.microsoft.com/maml/dev/2004/10">
      <!--Command-->
      <command:details>
         <command:name>Get-Entitlements</command:name>
         <maml:description>
            <maml:para>PSDellAsset.psm1 Function: Returns Entitlement information from Dell online asset service based on Dell ServiceTag in raw or formatted output.</maml:para>
         </maml:description>
         <maml:copyright>
            <maml:para/>
         </maml:copyright>
         <command:verb>Get</command:verb>
         <command:noun>Entitlements</command:noun>
         <dev:version/>
      </command:details>
      <maml:description>
         <maml:para>Returns Entitlement information from Dell online asset service based on Dell ServiceTag in raw or formatted output. Per
default the output is formatted with only the columns &quot;Service Level Description&quot;, &quot;Days Left&quot;, &quot;Start Date&quot; and &quot;End Da
te&quot;. The dates are formatted in a more human friendly format &#39;dd-MMM-yyyy&#39;. Using the parameter -Exportable, it returned
 the raw data which can be exported to various formats using PowerShell default available Export cmdlets. The formatted
output cannot be exported except to file using cmdlet out-file.

The primary goal of this function is to provide an example how the Entitlement data can be used in PowerShell scripts.</maml:para>
      </maml:description>
      <command:syntax>
         <!--Parameter Sets-->
         <command:syntaxItem>
            <maml:name>Get-Entitlements</maml:name>
            <command:parameter required="false" variableLength="false" globbing="false" pipelineInput="false" position="named">
               <maml:name>Exportable</maml:name>
               <maml:description>
                  <maml:para>Specifies if the Dell Asset Entitlement information should be returned as raw data.</maml:para>
               </maml:description>
               <command:parameterValue required="false" variableLength="false">SwitchParameter</command:parameterValue>
            </command:parameter>
         </command:syntaxItem>
      </command:syntax>
      <command:parameters>
         <!--All Parameters-->
         <command:parameter required="false" variableLength="false" globbing="false" pipelineInput="false" position="named">
            <maml:name>Exportable</maml:name>
            <maml:description>
               <maml:para>Specifies if the Dell Asset Entitlement information should be returned as raw data.</maml:para>
            </maml:description>
            <command:parameterValue required="false" variableLength="false">SwitchParameter</command:parameterValue>
            <dev:type>
               <maml:name>SwitchParameter</maml:name>
               <maml:uri/>
            </dev:type>
            <dev:defaultValue/>
         </command:parameter>
      </command:parameters>
      <maml:alertSet>
         <!--Notes-->
         <maml:title/>
         <maml:alert>
            <maml:para>Only Dell machines are supported.</maml:para>
         </maml:alert>
      </maml:alertSet>
      <command:examples>
         <!--Examples-->
         <command:example>
            <maml:title>-------------------------- EXAMPLE 1 --------------------------</maml:title>
            <maml:introduction>
               <maml:para>PS C:\&gt;</maml:para>
            </maml:introduction>
            <dev:code>Get-Entitlements -Verbose
VERBOSE: ServiceTag (WMI) = 0123456

Service Level Description                         Days Left Start Date  End Date   
-------------------------                         --------- ----------  --------   
Next Business Day Onsite                                676 05-aug-2014 06-aug-2017
ND ProSupport EndUser On-Site Extended with Dates       676 05-aug-2014 06-aug-2017
Dell Digitial Delivery                                 2502 05-aug-2014 06-aug-2022</dev:code>
            <dev:remarks>
               <maml:para>Returns a formatted table containing Entitlement information of the Dell machine on which this cmdlet is executed. Verbo
se is enable, showing the discovered ServiceTag used to retrieve the Entitlement information.</maml:para>
            </dev:remarks>
         </command:example>
         <command:example>
            <maml:title>-------------------------- EXAMPLE 2 --------------------------</maml:title>
            <maml:introduction>
               <maml:para>PS C:\&gt;</maml:para>
            </maml:introduction>
            <dev:code>Get-Entitlements -Exportable

ServiceLevelCode        : NU
ServiceLevelDescription : ND ProSupport EndUser On-Site Extended with Dates
Provider                : 
StartDate               : 5-8-2014 00:00:00
EndDate                 : 6-8-2017 00:00:00
DaysLeft                : 676
EntitlementType         : Active

ServiceLevelCode        : ND
ServiceLevelDescription : Next Business Day Onsite
Provider                : 
StartDate               : 5-8-2014 00:00:00
EndDate                 : 6-8-2017 00:00:00
DaysLeft                : 676
EntitlementType         : Active

ServiceLevelCode        : D
ServiceLevelDescription : Dell Digitial Delivery
Provider                : 
StartDate               : 5-8-2014 00:00:00
EndDate                 : 6-8-2022 00:00:00
DaysLeft                : 2502
EntitlementType         : Active</dev:code>
            <dev:remarks>
               <maml:para>Returns the raw data containing Entitlement information of the Dell machine on which this cmdlet is executed. This data
can be exported to various formats using by PowerShell provided Export cmdlets.</maml:para>
            </dev:remarks>
         </command:example>
         <command:example>
            <maml:title>-------------------------- EXAMPLE 3 --------------------------</maml:title>
            <maml:introduction>
               <maml:para>PS C:\&gt;</maml:para>
            </maml:introduction>
            <dev:code>Get-Entitlements Get-Entitlements -Exportable | Export-Csv -NoTypeInformation -LiteralPath c:\sample.csv</dev:code>
            <dev:remarks>
               <maml:para>Creates a comma delimited CSV file containg the Entitlement information from the Dell machine on which this cmdlet is ex
ecuted.</maml:para>
            </dev:remarks>
         </command:example>
      </command:examples>
      <maml:relatedLinks>
         <!--Links-->
         <maml:navigationLink>
            <maml:linkText>Online version: Dell Asset Service Description</maml:linkText>
            <maml:uri>http://xserv.dell.com/services/assetservice.asmx</maml:uri>
         </maml:navigationLink>
      </maml:relatedLinks>
   </command:command>
   <!--Generated by: SAPIEN PowerShell HelpWriter 2015 v1.0.16-->
</helpItems>